{
  "1e-05": 0.000578889,
  "2e-05": 0.00114944,
  "3e-05": 0.00166722,
  "4e-05": 0.00221222,
  "5e-05": 0.00277111,
  "6e-05": 0.00336,
  "7e-05": 0.00388111,
  "8e-05": 0.00436333,
  "9e-05": 0.00489333,
  "0.0001": 0.00534333,
  "0.0002": 0.0103817,
  "0.0003": 0.0147406,
  "0.0004": 0.018875,
  "0.0005": 0.0224333,
  "0.0006": 0.0254611,
  "0.0007": 0.0283278,
  "0.0008": 0.0311094,
  "0.0009": 0.0334894,
  "0.001": 0.0356967,
  "0.002": 0.0484922,
  "0.003": 0.0530244,
  "0.004": 0.0546422,
  "0.005": 0.0552289,
  "0.006": 0.0554267,
  "0.007": 0.0555089,
  "0.008": 0.0555394,
  "0.009": 0.0555467,
  "0.01": 0.0555522,
  "0.02": 0.0555556,
  "0.03": 0.0555556,
  "0.04": 0.0555556,
  "0.05": 0.0555556,
  "0.06": 0.0555556,
  "0.07": 0.0555556,
  "0.08": 0.0555556,
  "0.09": 0.0555556,
  "0.1": 0.0555556
}
