{
  "7e-05": 2.22222e-06,
  "4e-05": 1.11111e-06,
  "3e-05": 5.55556e-07,
  "1e-05": 2.2977e-07,
  "0.0001": 9.44444e-06,
  "0.0002": 3.61111e-05,
  "0.0003": 6.33333e-05,
  "0.0004": 0.000125,
  "0.0005": 0.00019,
  "0.0006": 0.000282778,
  "0.0007": 0.000365,
  "0.0008": 0.000518333,
  "0.0009": 0.000631111,
  "0.001": 0.000813333,
  "0.002": 0.00294444,
  "0.003": 0.00635444,
  "0.004": 0.0104356,
  "0.005": 0.0152078,
  "0.006": 0.0202622,
  "0.007": 0.0252522,
  "0.008": 0.0297294,
  "0.009": 0.0343856,
  "0.01": 0.0382133,
  "0.02": 0.0545489,
  "0.03": 0.0555339,
  "0.04": 0.0555556,
  "0.05": 0.0555556,
  "0.06": 0.0555556,
  "0.07": 0.0555556,
  "0.08": 0.0555556,
  "0.09": 0.0555556,
  "0.1": 0.0555556
}