{
  "1e-05": 0.000488333,
  "3e-05": 0.00148944,
  "4e-05": 0.00192222,
  "7e-05": 0.00336167,
  "0.0001": 0.00474889,
  "0.0002": 0.00919111,
  "0.0003": 0.0131633,
  "0.0004": 0.0168239,
  "0.0005": 0.0201333,
  "0.0006": 0.0232506,
  "0.0007": 0.0261128,
  "0.0008": 0.0287011,
  "0.0009": 0.0309744,
  "0.001": 0.0331133,
  "0.002": 0.04669,
  "0.003": 0.0520283,
  "0.004": 0.0541761,
  "0.005": 0.0550261,
  "0.006": 0.0553467,
  "0.007": 0.0554817,
  "0.008": 0.0555189,
  "0.009": 0.0555444,
  "0.01": 0.0555494,
  "0.02": 0.0555556,
  "0.03": 0.0555556,
  "0.04": 0.0555556,
  "0.05": 0.0555556,
  "0.06": 0.0555556,
  "0.07": 0.0555556,
  "0.08": 0.0555556,
  "0.09": 0.0555556,
  "0.1": 0.0555556
}