{
  "1e-05": 0.000557222,
  "2e-05": 0.00107056,
  "3e-05": 0.00160889,
  "4e-05": 0.00221611,
  "5e-05": 0.00276944,
  "6e-05": 0.00329889,
  "7e-05": 0.00389056,
  "8e-05": 0.00432778,
  "9e-05": 0.00494389,
  "0.0001": 0.00542778,
  "0.0002": 0.0103456,
  "0.0003": 0.0147422,
  "0.0004": 0.0187461,
  "0.0005": 0.0222594,
  "0.0006": 0.0254261,
  "0.0007": 0.0284939,
  "0.0008": 0.0309894,
  "0.0009": 0.0335594,
  "0.001": 0.0354439,
  "0.002": 0.0483606,
  "0.003": 0.05301,
  "0.004": 0.0546572,
  "0.005": 0.0552078,
  "0.006": 0.0554483,
  "0.009": 0.0555517,
  "0.008": 0.0555411,
  "0.007": 0.0555172
}
