{
  "1e-05": 0.000551111,
  "2e-05": 0.00109611,
  "3e-05": 0.00168167,
  "4e-05": 0.00225611,
  "5e-05": 0.00279222,
  "6e-05": 0.00324278,
  "7e-05": 0.00382111,
  "8e-05": 0.00433778,
  "9e-05": 0.00485389,
  "0.0001": 0.00545778,
  "0.0002": 0.0101178,
  "0.0003": 0.0145828,
  "0.0004": 0.0185044,
  "0.0005": 0.0221878,
  "0.0006": 0.0253417,
  "0.0007": 0.028195,
  "0.0008": 0.0309322,
  "0.0009": 0.0332522,
  "0.001": 0.0354744,
  "0.002": 0.0481978,
  "0.004": 0.0546317,
  "0.003": 0.0529211,
  "0.006": 0.0554317,
  "0.007": 0.0555078,
  "0.005": 0.0552294,
  "0.008": 0.0555439,
  "0.009": 0.0555506
}
