{
"1e-05":0.0005,
"3e-05":0.00149222,
"4e-05":0.00191444,
"7e-05":0.00342611,
"0.0001":0.00468389,
"0.0002":0.00904889,
"0.0003":0.0131311,
"0.0004":0.0168322,
"0.0005":0.0199844,
"0.0006":0.02319,
"0.0007":0.0259672,
"0.0008":0.0286383,
"0.0009":0.03089,
"0.001":0.0330656,
"0.002":0.0464672,
"0.003":0.0519561,
"0.004":0.0541994,
"0.005":0.0550489,
"0.006":0.0553461,
"0.007":0.0554828,
"0.008":0.0555233,
"0.009":0.0555461,
"0.01":0.0555489,
"0.02":0.0555556,
"0.03":0.0555556,
"0.04":0.0555556,
"0.05":0.0555556,
"0.06":0.0555556,
"0.07":0.0555556,
"0.08":0.0555556,
"0.09":0.0555556,
"0.1":0.0555556
}