{
  "1e-05": 0.000516111,
  "2e-05": 0.00111333,
  "3e-05": 0.00165556,
  "4e-05": 0.00214333,
  "5e-05": 0.00271611,
  "6e-05": 0.00316944,
  "7e-05": 0.00377278,
  "8e-05": 0.00430389,
  "9e-05": 0.00475444,
  "0.0001": 0.00516444,
  "0.0002": 0.0100089,
  "0.0003": 0.0141189,
  "0.0004": 0.0182283,
  "0.0005": 0.0218606,
  "0.0006": 0.0250333,
  "0.0007": 0.0276528,
  "0.0009": 0.0329433,
  "0.0008": 0.0304867,
  "0.001": 0.0350878,
  "0.002": 0.0478489,
  "0.003": 0.0527228,
  "0.007": 0.0555106,
  "0.004": 0.0545217,
  "0.008": 0.0555411,
  "0.005": 0.0551783,
  "0.006": 0.055395,
  "0.009": 0.05555
}
