{
  "1e-05": 0.000581111,
  "2e-05": 0.00115333,
  "3e-05": 0.00165611,
  "4e-05": 0.00228,
  "5e-05": 0.00275111,
  "6e-05": 0.00334778,
  "7e-05": 0.00381167,
  "8e-05": 0.00436333,
  "9e-05": 0.00479778,
  "0.0001": 0.00537,
  "0.0002": 0.0102894,
  "0.0003": 0.0146433,
  "0.0004": 0.0187906,
  "0.0005": 0.0223056,
  "0.0006": 0.0254161,
  "0.0007": 0.0285367,
  "0.0008": 0.0309889,
  "0.001": 0.0356678,
  "0.0009": 0.0334194,
  "0.002": 0.0484083,
  "0.003": 0.053,
  "0.004": 0.0546094,
  "0.005": 0.0552244,
  "0.007": 0.0555194,
  "0.006": 0.0554461,
  "0.008": 0.0555422,
  "0.009": 0.0555494
}
